galaxy,psp_bic,lcdm_bic,diff
CamB,303941023.66642934,303956838.9221744,-15815.255745053291
D512-2,7495743.223222933,7498063.276969423,-2320.053746489808
D564-8,56044404.45419776,56056509.84918155,-12105.394983790815
D631-7,17209092.71822764,17222898.885534354,-13806.16730671376
DDO064,45323573.14959821,45326769.15569912,-3196.006100907922
DDO154,18348202.685116287,18359320.38569918,-11117.700582891703
DDO161,18315262.44041758,18348712.30003194,-33449.85961436108
DDO168,17620370.7672242,17625940.15605735,-5569.388833150268
DDO170,2448145.3246595482,2456716.47500286,-8571.15034331195
ESO079-G014,1717485.7327923425,1720423.4992116166,-2937.766419274034
ESO116-G012,4825656.308790047,4829498.2373726135,-3841.9285825667903
ESO444-G084,13325500.080601342,13327628.81752411,-2128.736922768876
ESO563-G021,316454.7255513023,319006.8600530524,-2552.1345017501153
F561-1,1761265.8922770824,1766696.6064312013,-5430.714154118905
F563-1,1479669.3986437863,1484527.1322495216,-4857.733605735237
F563-V1,3177846.523850369,3182486.5580577194,-4640.034207350574
F563-V2,3462600.6032348685,3463672.4236819493,-1071.8204470807686
F565-V2,1299434.7099500613,1302701.9285923464,-3267.2186422850937
F567-2,1198700.550636658,1201328.3419293377,-2627.791292679729
F568-1,1882019.3582737856,1884025.8123741462,-2006.4541003606282
F568-3,3615767.5824317993,3620945.0612023035,-5177.47877050424
F568-V1,895183.7271429817,897275.4775000749,-2091.750357093173
F571-8,4052224.9816569136,4055443.6961565386,-3218.7144996249117
F571-V1,786312.8511720331,790597.451574545,-4284.600402511889
F574-1,3138522.9454302215,3144245.28548851,-5722.340058288537
F574-2,531261.93765233,533225.2803922698,-1963.342739939806
F579-V1,2008049.7660934734,2010861.9673177002,-2812.2012242267374
F583-1,10887725.338639002,10898564.056623092,-10838.717984089628
F583-4,13524769.451767465,13532284.263555113,-7514.8117876481265
IC2574,19473087.797511518,19506430.454088327,-33342.65657680854
IC4202,408092.9493773799,411110.6227773597,-3017.6733999797725
KK98-251,150981483.78666708,151001785.6649433,-20301.878276228905
NGC0024,15281406.463894049,15285385.755774418,-3979.2918803691864
NGC0055,3463665.456609885,3475703.1041151504,-12037.647505265195
NGC0100,8624610.547533823,8632666.796929142,-8056.249395318329
NGC0247,3004046.806440115,3014853.4900933504,-10806.683653235435
NGC0289,181932.43905403453,191481.22722423993,-9548.7881702054
NGC0300,3708102.4446538733,3715991.8696609475,-7889.42500707414
NGC0801,267896.24679590843,270069.88252515934,-2173.6357292509056
NGC0891,272023.4143538038,273317.1642950093,-1293.7499412054894
NGC1003,1755935.9046860614,1778121.8148217916,-22185.91013573017
NGC1090,1111176.391050385,1117136.2793437198,-5959.888293334749
NGC1705,8168149.0024015,8171372.204460162,-3223.202058661729
NGC2366,56018606.775423214,56036286.15833852,-17679.38291530311
NGC2403,13882310.395502789,13899481.945118088,-17171.54961529933
NGC2683,118678.73748898986,120968.79011930106,-2290.0526303111983
NGC2841,158391.48512147804,162233.36993188105,-3841.8848104030185
NGC2903,1388543.9735200393,1392457.1023431183,-3913.128823078936
NGC2915,5580906.09746917,5591608.595901971,-10702.498432801105
NGC2955,281247.65161698667,282854.5039513149,-1606.8523343282286
NGC2976,75753040.26235437,75757536.84368446,-4496.581330090761
NGC2998,610989.5341515985,613025.2006168569,-2035.6664652584586
NGC3109,29628224.17876239,29644830.944888815,-16606.766126424074
NGC3198,2195099.2719471776,2208842.957718875,-13743.6857716972
NGC3521,1343804.7652712893,1345446.4878459328,-1641.722574643558
NGC3726,193981.20054021836,197001.22377621738,-3020.0232359990187
NGC3741,49486889.85983581,49507586.49457927,-20696.634743459523
NGC3769,494938.06108871184,499889.63476753136,-4951.573678819521
NGC3877,707247.0697995076,708758.6214235331,-1511.551624025451
NGC3893,196722.1301587038,197934.3809368331,-1212.2507781292952
NGC3917,1215994.8070643086,1219996.0352810614,-4001.2282167528756
NGC3949,317171.81854739855,317623.77556781034,-451.95702041179175
NGC3953,82594.85076738721,83226.66935567568,-631.8185882884718
NGC3972,1250569.541152939,1252334.6353535508,-1765.094200611813
NGC3992,19226.71891182435,20463.4667913397,-1236.7478795153474
NGC4010,1500854.8879557562,1503674.4895898774,-2819.601634121267
NGC4013,271636.34232605086,279128.6019709301,-7492.259644879261
NGC4051,277458.5327141791,278393.0833278177,-934.5506136385957
NGC4068,36637826.3036754,36641621.35753545,-3795.05386005342
NGC4085,1029646.0465401763,1030511.4469131291,-865.4003729528049
NGC4088,259877.88814879738,261841.43659603156,-1963.5484472341777
NGC4100,323599.72805055225,327311.230359055,-3711.502308502735
NGC4138,127219.4979902327,128083.95792421042,-864.4599339777196
NGC4157,225174.0165263897,228133.40912730072,-2959.392600911029
NGC4183,1665151.793790399,1674246.7029373536,-9094.909146954538
NGC4214,7964811.008499259,7967431.973909075,-2620.9654098162428
NGC4217,562332.6337259861,564568.3659776741,-2235.732251688023
NGC4389,2171463.1570106903,2172886.2592082173,-1423.1021975269541
NGC4559,2040850.8327974917,2051903.4060781836,-11052.573280691868
NGC5005,341647.6939703444,342219.4985963311,-571.804625986726
NGC5033,265565.813210961,269108.27286541497,-3542.4596544539672
NGC5055,540676.0603507858,546352.9060152164,-5676.845664430526
NGC5371,164628.97088380044,167400.3494762395,-2771.378592439054
NGC5585,29785290.304472372,29795854.19654117,-10563.892068799585
NGC5907,67645.96656283733,71158.92014718293,-3512.953584345596
NGC5985,113702.81522483351,115882.68194512006,-2179.866720286547
NGC6015,2390970.0625137337,2400887.731650133,-9917.669136399403
NGC6195,197226.77733175826,199135.70112757402,-1908.923795815761
NGC6503,1624868.4350639808,1636062.1623971846,-11193.72733320389
NGC6674,27083.616382722023,29740.028041945425,-2656.4116592234022
NGC6789,44063476.20460363,44063754.44257747,-278.23797383904457
NGC6946,2466073.6755354437,2474356.358745336,-8282.683209892362
NGC7331,202624.61776422677,206405.0628755383,-3780.4451113115356
NGC7793,51271587.14273319,51278249.508126505,-6662.365393318236
NGC7814,309134.52294160496,310464.8696580788,-1330.3467164738686
PGC51017,37581266.316925935,37593672.628826745,-12406.311900809407
UGC00128,422339.51063212246,437675.72030210606,-15336.209669983597
UGC00191,6936156.492199304,6939647.554565766,-3491.0623664623126
UGC00634,200189.287381364,202132.05443383433,-1942.767052470328
UGC00731,3735519.0342408586,3743168.464838901,-7649.43059804244
UGC00891,2675364.349638515,2679197.470634711,-3833.120996195823
UGC01230,935207.4882912036,940099.6601564906,-4892.171865287004
UGC01281,80133920.56757982,80144875.77253951,-10955.20495969057
UGC02023,1695306.604622666,1695943.6779076264,-637.0732849603519
UGC02259,1733381.851056334,1735754.0889342262,-2372.2378778920975
UGC02455,16502493.079519955,16507975.2138409,-5482.134320944548
UGC02487,12753.916567443855,14158.643440739925,-1404.7268732960692
UGC02885,60183.014661008776,62640.14444142583,-2457.1297804170536
UGC02916,753767.7627358865,757378.3393185136,-3610.576582627138
UGC02953,2501879.88476041,2509084.926068308,-7205.041307897773
UGC03205,961129.3034383914,965407.1071155196,-4277.803677128162
UGC03546,573149.0256997306,575277.9279375806,-2128.9022378500085
UGC03580,10457948.786276,10471404.000399904,-13455.214123904705
UGC04278,21877963.158279557,21886364.9780088,-8401.819729242474
UGC04305,50493571.70678161,50518587.1064677,-25015.399686090648
UGC04325,2468946.9040089278,2470538.985797328,-1592.081788400188
UGC04483,221839832.1098117,221845925.88456047,-6093.774748772383
UGC04499,3513689.4621301857,3518268.5141382427,-4579.052008057013
UGC05005,1281916.6179670906,1286700.4640855894,-4783.846118498826
UGC05253,2230950.5414491054,2235127.928283142,-4177.386834036559
UGC05414,7448604.840520196,7451575.128067388,-2970.2875471925363
UGC05716,3012177.6686350387,3020129.474015974,-7951.805380935315
UGC05721,23143896.548136912,23149023.447457395,-5126.899320483208
UGC05750,7686348.07233433,7691037.769944092,-4689.697609762661
UGC05764,16395751.50337207,16399776.542803941,-4025.0394318718463
UGC05829,7928528.515627526,7935304.698270625,-6776.182643099688
UGC05918,13412320.22353234,13417814.949794281,-5494.726261941716
UGC05986,2331698.3651461517,2334976.716939266,-3278.351793114096
UGC05999,385440.03885170544,388378.1024297642,-2938.063578058791
UGC06399,2870572.9977497407,2874009.5673741307,-3436.5696243899874
UGC06446,4590383.210651845,4596902.216609452,-6519.00595760718
UGC06614,97651.78000217298,100464.55158346586,-2812.77158129288
UGC06628,1455965.4067350721,1457853.8993825938,-1888.4926475216635
UGC06667,2947131.7396752713,2950660.269777374,-3528.5301021025516
UGC06786,1137966.731948395,1141454.3853262255,-3487.6533778305165
UGC06787,1869082.7134587993,1873435.772996104,-4353.059537304798
UGC06818,4541522.238373527,4545865.87098637,-4343.632612843066
UGC06917,1105708.52697495,1108789.253921391,-3080.726946440991
UGC06923,2245789.8240508353,2247516.9380687173,-1727.1140178819187
UGC06930,713618.5748524874,717588.1591636057,-3969.584311118233
UGC06973,286032.04125852656,286637.91268994863,-605.8714314220706
UGC06983,1115255.959115042,1120847.972512579,-5592.013397537172
UGC07089,4129109.335180068,4135775.220343693,-6665.885163625237
UGC07125,2848558.0744828247,2865048.0158748664,-16489.941392041743
UGC07151,6553606.298533729,6557160.437993952,-3554.1394602227956
UGC07232,39431459.35255418,39432270.01519529,-810.662641108036
UGC07261,2521072.3072516583,2523531.4133633827,-2459.1061117243953
UGC07323,5869714.186621105,5873414.121030509,-3699.934409403242
UGC07399,2554006.4504353693,2555797.1061788006,-1790.6557434313
UGC07524,12434433.47840446,12452306.379567085,-17872.90116262436
UGC07559,29488409.886263233,29492541.772495613,-4131.886232379824
UGC07577,63842130.34232567,63845746.10361911,-3615.761293441057
UGC07603,13881965.04901065,13886010.250008855,-4045.2009982056916
UGC07608,4300278.378431005,4302299.208853158,-2020.830422152765
UGC07690,5810095.70983264,5812280.536943083,-2184.827110442333
UGC07866,20203760.041103676,20206158.38124855,-2398.3401448726654
UGC08286,5752038.245804742,5757689.0997011885,-5650.853896446526
UGC08490,8705477.673624055,8716934.809584063,-11457.135960007086
UGC08550,10554871.675664227,10560329.433443043,-5457.757778815925
UGC08699,1438244.6768466244,1441812.3318714807,-3567.655024856329
UGC08837,23496554.75003198,23504785.62509251,-8230.875060528517
UGC09037,447443.80747130903,453619.7223092506,-6175.914837941586
UGC09133,662567.5325454496,671033.0244254349,-8465.491879985319
UGC09992,3890663.938349099,3892211.9938006336,-1548.0554515346885
UGC10310,2495829.591514046,2499093.5456454335,-3263.95413138764
UGC11455,481831.2726382775,485357.6915691455,-3526.418930867978
UGC11557,4285571.948513808,4289784.238796411,-4212.290282603353
UGC11820,16257335.640642,16265845.840236956,-8510.199594955891
UGC11914,1491484.8901153863,1492679.929036619,-1195.038921232568
UGC12506,202813.68025832615,207622.3632474464,-4808.682989120251
UGC12632,4792622.860834288,4802300.587372664,-9677.726538375951
UGC12732,2535528.9458670546,2544720.2790802107,-9191.33321315609
UGCA281,175644297.0911406,175647622.6693178,-3325.578177213669
UGCA442,10173109.276807591,10178752.315767959,-5643.038960367441
UGCA444,212630858.61217394,212644490.57070634,-13631.958532392979
NGC925,17131043.625780623,17170408.837710276,-39365.21192965284
NGC2366,116350794.08752881,116416011.1237545,-65217.03622569144
NGC2403,28073384.64865349,28141729.916402616,-68345.267749127
NGC2841,259510.84257370952,273157.99586363725,-13647.153289927723
NGC2903,1932779.8104832252,1947863.674061041,-15083.863577815937
NGC2976,93867677.13128372,93874929.89745238,-7252.766168668866
NGC3031,1181171.285746783,1188487.838677416,-7316.552930633072
NGC3198,2544008.14599283,2576953.3450656384,-32945.19907280849
IC2574,76786286.86517382,76884540.7496806,-98253.88450677693
NGC3521,1525148.259354172,1538555.756258008,-13407.496903836029
NGC3621,5652222.612835228,5684663.951209224,-32441.338373995386
NGC3627,676238.902784936,677512.9040028803,-1274.0012179443147
NGC4736,4798734.965623947,4805946.673970491,-7211.708346543834
DDO154,96789247.2135374,96859658.42971155,-70411.21617415547
NGC4826,7253863.617200154,7284694.998916338,-30831.381716184318
NGC5055,2444009.587261149,2488875.6609794023,-44866.07371825306
NGC6946,3192013.432823455,3213789.841889254,-21776.409065798856
NGC7331,549622.7948885566,558065.0443474837,-8442.24945892708
NGC7793,20239988.63878892,20252437.731665958,-12449.092877037823
CVnIdwA,342930966.7910951,342980687.5393753,-49720.748280227184
DDO_210,9756899672.825983,9756920492.700747,-20819.87476348877
DDO_216,426588880.4374135,426599306.37145066,-10425.934037148952
DDO_53,397589303.1962963,397598391.61416364,-9088.4178673625
DDO_70,504154719.2535409,504179421.46026367,-24702.206722795963
IC_10,140060514.18127763,140061690.022154,-1175.8408763706684
IC_1613,2825979763.9348154,2826270218.8275905,-290454.89277505875
UGC_8508,473388919.00672066,473416812.1657034,-27893.158982753754
WLM,2112235503.575116,2112369725.4159837,-134221.8408677578
F564-V3,63991547.82622232,64004418.24206001,-12870.415837690234
DDO_126,316605504.95106757,316670333.6830124,-64828.73194485903
HARO_29,104191408.56964533,104230432.1318315,-39023.562186166644
DDO_101,37253037.08589431,37256411.33646815,-3374.2505738437176
DDO_133,134262815.98499352,134286726.9053767,-23910.92038318515
NGC_1569,35723728.4871108,35727179.65495873,-3451.167847931385
DDO_43,30260073.932311118,30270482.504557487,-10408.572246368974
HARO_36,16147675.486076815,16150631.98451606,-2956.498439244926
DDO_168,142995421.88848624,143017483.7802709,-22061.89178466797
NGC_2366,155523569.87258705,155629049.69687355,-105479.82428649068
DDO_154,144359587.57171702,144430550.6703845,-70963.0986674726
DDO_87,108747667.89547557,108820893.25747716,-73225.36200159788
DDO_52,26764344.85064239,26782154.616293356,-17809.765650965273
DDO_46,56948648.821498364,56957171.966668785,-8523.145170420408
DDO_47,76661224.8508873,76717409.6686994,-56184.81781210005
NGC_3738,26994316.85219848,26995345.173686437,-1028.321487955749
WALLABY_J094524-480828,7809260.379016242,7815445.559834585,-6185.180818342604
WALLABY_J094944-471059,205315.39267515566,211199.14652552293,-5883.7538503672695
WALLABY_J100036-465940,1013043.5643682206,1019979.6015619452,-6936.037193724536
WALLABY_J100123-434533,540322.4414782516,544804.8854719708,-4482.443993719178
WALLABY_J100239-452950,241629.43177223724,243590.6902232367,-1961.2584509994776
WALLABY_J100342-270137,2588670.7342240573,2598523.728162895,-9852.993938837666
WALLABY_J100351-273417,58574.21024310954,59548.031510278255,-973.8212671687143
WALLABY_J100426-282638,2478766.8560924376,2488299.675337952,-9532.81924551446
WALLABY_J100539-282633,6692280.586292532,6701274.03224477,-8993.445952237584
WALLABY_J100656-450242,166549.0322426481,169108.3692310183,-2559.336988370196
WALLABY_J100748-430145,525461.8246458079,530619.2396681343,-5157.4150223264005
WALLABY_J100916-431959,357594.6253139089,368096.308697002,-10501.6833830931
WALLABY_J100938-255850,414200.23312707985,415212.9304675035,-1012.6973404236487
WALLABY_J101035-254920,1895699.4173145383,1901734.7493581777,-6035.332043639384
WALLABY_J101331-434904,186369.72895389856,188560.0148336057,-2190.2858797071385
WALLABY_J101359-253824,560456.4801819989,564150.984285485,-3694.504103486077
WALLABY_J101441-285221,785521.4848962214,786313.4416393677,-791.9567431462929
WALLABY_J101442-445108,1594794.5267629216,1595518.0839796271,-723.5572167055216
WALLABY_J101448-285723,117873.4833940792,118629.6215965528,-756.138202473594
WALLABY_J101655-485238,195188.84180836755,201048.96535805322,-5860.123549685668
WALLABY_J101941-254852,144640.70405641804,145518.88490793688,-878.1808515188459
WALLABY_J102017-253913,821709.4443514058,826632.3957920312,-4922.951440625358
WALLABY_J103023-302336,1469331.4025717108,1481749.6578570944,-12418.255285383668
WALLABY_J103250-301601,877583.5377225233,881565.4682431382,-3981.930520614842
WALLABY_J103522-244506,6848381.284251612,6859172.926550238,-10791.642298626713
WALLABY_J103523-281855,213067.02458129876,215851.20550416733,-2784.1809228685743
WALLABY_J103651-260227,1070347.5569975816,1072568.805795944,-2221.248798362445
WALLABY_J103653-270311,491364.59884485084,494498.3668374654,-3133.7679926145356
WALLABY_J103655-265412,881047.2003205515,884487.1340040405,-3439.9336834889837
WALLABY_J103702-273359,81715.77363752271,82129.97391651808,-414.20027899536944
WALLABY_J103725-251916,73100.27939473565,77735.82875010546,-4635.549355369803
WALLABY_J103818-285307,170433.07877074124,172063.93317000958,-1630.8543992683408
WALLABY_J103915-301757,105257.4762883336,107261.63746728773,-2004.1611789541348
WALLABY_J103918-265030,200825.4592604599,201772.65356452324,-947.1943040633341
WALLABY_J103922-293505,285268.7344096904,286848.6188038891,-1579.884394198656
WALLABY_J104000-292445,509417.9471605667,512080.4064634651,-2662.45930289838
WALLABY_J104004-301606,369358.8262589833,370960.4990593872,-1601.6728004039032
WALLABY_J104016-274630,120231.70757481082,122215.79868551917,-1984.091110708352
WALLABY_J104059-270456,104257.20725220446,105415.74089839526,-1158.533646190801
WALLABY_J104309-300301,722867.330062486,727715.1675119341,-4847.837449448067
WALLABY_J104311-261500,137182.3447304974,139472.5704830832,-2290.2257525858004
WALLABY_J104905-292232,516205.29219179234,519675.0991024497,-3469.806910657382
WALLABY_J122708+055255,4466439.913895839,4470173.261824426,-3733.3479285873473
WALLABY_J122710+071549,2918425.9426860283,2922720.4461354786,-4294.503449450247
WALLABY_J122726+061551,746151.8696092628,747850.6131121,-1698.7435028372565
WALLABY_J122733+061359,146108.8057636153,149147.65108240544,-3038.845318790147
WALLABY_J123026+041450,288429.75373846473,289550.4226702798,-1120.6689318150748
WALLABY_J123138+035620,1303248.3400444922,1315079.7807382331,-11831.440693740966
WALLABY_J123228+002315,2287772.270669325,2302492.0005790438,-14719.729909718968
WALLABY_J123427+021108,458783.64057288284,467063.07797830703,-8279.437405424193
WALLABY_J123554-015112,133882.45645360326,136171.28118231203,-2288.8247287087725
WALLABY_J123555-025405,46555.64955673637,47148.64248621861,-592.9929294822432
WALLABY_J123630+001315,685655.94672994,690397.8318883713,-4741.885158431251
WALLABY_J123703+065533,1827586.529366241,1831661.576459254,-4075.047093012836
WALLABY_J123803-021549,415379.54480215476,416084.41962823155,-704.8748260767898
WALLABY_J123805-000137,210717.3400549707,213666.90714665764,-2949.567091686942
WALLABY_J123911+004305,209299.8897108123,212810.66878396075,-3510.779073148442
WALLABY_J123917-003149,2649737.4305682178,2703666.819048917,-53929.388480699155
WALLABY_J123949+014016,4790892.385306515,4793550.537871764,-2658.152565249242
WALLABY_J123954-004804,809903.0071208924,813984.4138179284,-4081.406697036
WALLABY_J123955-000822,1155415.0368403199,1159414.9205800449,-3999.883739724988
WALLABY_J124111+012435,1966942.131391634,1971755.7291143662,-4813.597722732229
WALLABY_J124111-013526,423535.72723116877,426927.80038072064,-3392.0731495518703
WALLABY_J124231+035729,3318735.0450251973,3319674.3339483915,-939.2889231941663
WALLABY_J124232-012111,3258320.8025036277,3271284.7208733233,-12963.918369695544
WALLABY_J124240+012047,237523.52628251477,241419.99704114127,-3896.4707586264994
WALLABY_J124257-011345,301744.0585393393,307542.22931003664,-5798.170770697354
WALLABY_J124317-003841,347109.14146299625,348335.96771371603,-1226.8262507197796
WALLABY_J124350-003344,453974.832695203,460000.0531841768,-6025.220488973777
WALLABY_J124428+002815,1949273.070240089,1952158.6795671738,-2885.6093270848505
WALLABY_J124428-030017,50513.501398754495,51467.348015118616,-953.8466163641206
WALLABY_J124433-021916,3339954.1697849836,3354180.57096288,-14226.401177896187
WALLABY_J124508-002747,456976.8027725291,463740.21263282653,-6763.409860297455
WALLABY_J124519-004538,824872.6404219905,839100.3784594709,-14227.73803748039
WALLABY_J124645+055723,4983021.746305008,4987290.749901777,-4269.0035967687145
WALLABY_J124753-011107,139512.7652183667,142945.53957579986,-3432.774357433169
WALLABY_J124947+035042,9157959.310332928,9161121.110880977,-3161.80054804869
WALLABY_J124950+025100,2104561.4699849966,2106891.0440431745,-2329.574058177881
WALLABY_J125451+023900,3554555.7440452613,3556655.412945258,-2099.668899996672
WALLABY_J125548+041805,7004481.250050684,7013306.548243985,-8825.298193300143
WALLABY_J125549+040049,29683151.37240049,29693075.58859925,-9924.216198761016
WALLABY_J125604+034843,11062800.423580382,11067149.508398255,-4349.084817873314
WALLABY_J125907-121329,5163754.15994016,5173017.793860645,-9263.633920485154
WALLABY_J125939-145813,141663.44883539772,144413.2927028515,-2749.8438674537756
WALLABY_J125956-192430,8275011.788514217,8280909.695901553,-5897.907387335785
WALLABY_J130017-122041,1644239.418094262,1651293.0091379376,-7053.591043675551
WALLABY_J130053-132655,283204.3458426509,287652.13444423856,-4447.788601587643
WALLABY_J130059-143042,263281.82866795146,265955.67665795883,-2673.8479900073726
WALLABY_J130148-114530,146926.4746458471,149489.69774707232,-2563.223101225216
WALLABY_J130203-145302,1520934.7063501333,1524989.847068268,-4055.1407181348186
WALLABY_J130213-145817,135656.227133274,140109.54863283582,-4453.321499561833
WALLABY_J130213-171416,8557730.336327804,8560040.502086649,-2310.165758844465
WALLABY_J130223-122031,66772.85826175733,67427.62603986132,-654.7677781039965
WALLABY_J130228-204117,239548.4099695731,245678.02885811086,-6129.618888537749
WALLABY_J130235-113803,480472.0093347695,486280.3272316348,-5808.317896865308
WALLABY_J130305+035925,3982596.668786655,3992728.194281952,-10131.52549529681
WALLABY_J130311-172230,2145478.7276021345,2158459.521527786,-12980.79392565135
WALLABY_J130314-172514,11577866.666113734,11626796.506258667,-48929.84014493227
WALLABY_J130315+074816,235965.21273183936,238391.85460287475,-2426.64187103539
WALLABY_J130358+054204,11551.168372151902,12177.148225033474,-625.9798528815718
WALLABY_J130415-102023,51757.69169592947,58767.66756606888,-7009.975870139409
WALLABY_J130515-165316,817321.9496284191,821662.973260176,-4341.023631756892
WALLABY_J130516-172641,24699.58391342081,26649.153422231382,-1949.5695088105713
WALLABY_J130558+035723,46448.93306631557,49334.56950789997,-2885.6364415844
WALLABY_J130618-173039,4480719.559382254,4488827.389448764,-8107.830066509545
WALLABY_J130618-193547,743810.79379705,748781.9381727411,-4971.144375691074
WALLABY_J130739+062006,56427.332088046765,58285.73275563273,-1858.4006675859637
WALLABY_J130758-121123,61490.86912879042,64951.38666940426,-3460.517540613837
WALLABY_J130802+062900,82091.40574564245,83557.30727347227,-1465.9015278298175
WALLABY_J130806-144640,1429633.037977353,1434470.7185493778,-4837.680572024779
WALLABY_J130815-210002,2283708.5326154763,2287752.747472127,-4044.2148566506803
WALLABY_J130818-143213,746573.2897549388,750965.7160370467,-4392.4262821079465
WALLABY_J130854-163609,859061.4284468433,862773.9110672324,-3712.4826203890843
WALLABY_J130906+051433,1495572.1879187948,1511572.3731665341,-16000.185247739311
WALLABY_J130943-163617,207748.03619506542,211314.2096964216,-3566.1735013561847
WALLABY_J130947-101916,1730112.2650115353,1732235.8278192522,-2123.562807716895
WALLABY_J131029-213510,175590.05190126522,179864.01206539245,-4273.960164127231
WALLABY_J131035-214450,458405.7199595581,460414.76117725007,-2009.0412176919635
WALLABY_J131115-180605,1200463.00073143,1201886.1979911295,-1423.1972596994601
WALLABY_J131122+032431,698948.2612308722,704278.5667888151,-5330.305557942833
WALLABY_J131206+052832,6408169.606082886,6410191.665586487,-2022.0595036009327
WALLABY_J131234-173225,241805.55685691506,243023.27632891486,-1217.7194719997933
WALLABY_J131237-142630,143850.27639455066,147394.07552207963,-3543.799127528968
WALLABY_J131321-185558,185115.3850708568,187738.64685620862,-2623.261785351817
WALLABY_J131334-152553,784509.546702046,789544.6031992676,-5035.056497221696
WALLABY_J131400-164707,976139.1727851812,980773.2795062569,-4634.106721075717
WALLABY_J131430-173154,820804.8809376451,823398.0656293973,-2593.1846917521907
WALLABY_J131431-162247,3689735.162017448,3691808.3744626404,-2073.2124451925047
WALLABY_J131658-163757,445123.536365851,448095.88495644496,-2972.3485905939597
WALLABY_J131702-104612,323109.33418608573,324787.80073536607,-1678.4665492803324
WALLABY_J131706-161516,486754.910877001,489556.7248876513,-2801.8140106502688
WALLABY_J131712-171511,335971.5800867721,337067.16797321266,-1095.5878864405677
WALLABY_J131739-213708,1338919.4854526205,1344682.0593931626,-5762.573940542061
WALLABY_J131830-143635,370880.57137414,374642.8876789404,-3762.3163048003917
WALLABY_J131840-150339,744403.8971370924,748192.6776971981,-3788.78056010569
WALLABY_J132017-144841,570160.3889807514,572601.2721443222,-2440.8831635707757
WALLABY_J132043-220256,1538822.4136777953,1543235.4649794356,-4413.051301640226
WALLABY_J132050-232904,2604419.412956841,2608582.716513271,-4163.303556430154
WALLABY_J132119-130231,3738250.6701445417,3740587.5360385487,-2336.865894007031
WALLABY_J132148-131222,369648.4541718585,371686.66379617446,-2038.2096243159613
WALLABY_J132202-201335,2459756.317146095,2463025.9870058354,-3269.6698597404175
WALLABY_J132402-243938,2026300.8742147249,2033380.2557697247,-7079.381554999854
WALLABY_J132433-210813,340271.1904674652,344409.9141169173,-4138.723649452091
WALLABY_J132441-194214,2077859.328114826,2093656.8481088462,-15797.51999402023
WALLABY_J132500-240035,144994.68322439093,147908.35547834673,-2913.672253955796
WALLABY_J132519-210812,2016697.8619050458,2024476.7361181497,-7778.8742131039035
WALLABY_J132529-201001,313810.31512033305,329767.885962494,-15957.57084216096
WALLABY_J132608-163111,20342.10026286151,20591.883908301374,-249.7836454398639
WALLABY_J132635-221419,4496569.260141716,4502569.748406883,-6000.4882651669905
WALLABY_J133010-240841,1293076.4270127108,1313405.505375617,-20329.07836290612
WALLABY_J133017-214446,132707.23705978598,134539.0940969808,-1831.85703719483
WALLABY_J133019-220858,361522.3280258892,367045.0507203221,-5522.722694432945
WALLABY_J133041-233009,30445.98041102752,32882.86775643977,-2436.8873454122513
WALLABY_J133058-215044,59205.96918596976,60760.67542998982,-1554.7062440200534
WALLABY_J133103-150604,273776.89776902116,276990.84542238637,-3213.947653365205
WALLABY_J133103-160750,68628.55916098105,70135.03644675018,-1506.4772857691278
WALLABY_J133115-250859,136911.57408868862,146118.71583538264,-9207.141746694018
WALLABY_J133138-232047,168141.72069317455,171543.97361800243,-3402.252924827888
WALLABY_J133208-225710,161056.49782897165,162566.22675350978,-1509.7289245381253
WALLABY_J133214-210542,788690.2781032907,805882.62626611,-17192.348162819282
WALLABY_J133314-160715,40586.84153536266,42417.51448476025,-1830.6729493975872
WALLABY_J133329-211151,255144.88514691032,259866.1801755787,-4721.295028668363
WALLABY_J133348-244525,233412.87837374213,235911.50187989397,-2498.6235061518382
WALLABY_J133439-234044,770755.4370470878,772095.9897125415,-1340.552665453637
WALLABY_J133440-234722,105668.37773696212,108012.92782184712,-2344.5500848849915
WALLABY_J133610-234710,63961.99632731663,66915.95723289042,-2953.960905573789
WALLABY_J133741-150605,88275.25933989606,91802.85651652765,-3527.5971766315924
WALLABY_J133756-240727,207875.95209707294,214233.71596335535,-6357.763866282417
WALLABY_J133801-225524,112900.50351489849,115727.08642328848,-2826.582908389988
WALLABY_J133802-175254,994871.3627598401,999993.1924921727,-5121.8297323326115
WALLABY_J133811-204047,39133.50898798771,41545.053192971085,-2411.5442049833728
WALLABY_J133949-220132,77159.98131611277,77829.5971099798,-669.6157938670367
WALLABY_J134019-235122,77661.92311011656,79372.88225843148,-1710.9591483149125
WALLABY_J134501-155202,119648.61336643911,123093.60101548737,-3444.9876490482566
WALLABY_J163512-580438,104332.17257076118,105895.918762645,-1563.7461918838235
WALLABY_J163518-581311,401357.4090116801,404402.0461239127,-3044.6371122325654
WALLABY_J163650-601632,253898.2688600707,257442.08772841032,-3543.8188683396147
WALLABY_J163916-601108,1162733.4345397262,1167527.2473924954,-4793.812852769159
WALLABY_J163924-565221,3897903.243728054,3912083.992470058,-14180.748742003925
WALLABY_J164052-602341,84679.48029128935,88009.50791223183,-3330.0276209424774
WALLABY_J164107-605902,669451.3641953653,672458.9698173688,-3007.605622003437
WALLABY_J164157-622910,378455.20931989147,381194.7289770881,-2739.5196571966517
WALLABY_J164219-595904,766863.7453048137,775357.8985473699,-8494.153242556145
WALLABY_J164249-610527,172409.2689630858,174102.137401763,-1692.868438677193
WALLABY_J164508-611614,531511.5083755512,534142.3757733757,-2630.867397824535
WALLABY_J164739-570817,7296429.660095716,7298201.776317989,-1772.1162222735584
WALLABY_J164740-600851,291239.86426607386,293808.1692973069,-2568.3050312330597
WALLABY_J164749-613936,367749.1425842357,371446.81198204897,-3697.669397813268
WALLABY_J165103-600109,140816.65319282535,143250.44248723018,-2433.7892944048217
WALLABY_J165348-590530,3535958.5397625123,3539557.828571322,-3599.2888088095933
WALLABY_J165419-615311,259117.62860940766,261057.21267871026,-1939.5840693025966
WALLABY_J165644-622413,140619.95107088456,142952.52076706837,-2332.569696183811
WALLABY_J165724-595238,638265.0803595985,643672.5831004789,-5407.502740880358
WALLABY_J165804-605308,7057079.639305275,7069916.0893102195,-12836.450004944578
WALLABY_J165901-601241,1199635.7754720266,1218676.2811975875,-19040.505725560943
WALLABY_J165949-584125,178153.3891736377,180169.61302391544,-2016.2238502777473
WALLABY_J170303-614604,467082.25345005706,472801.55301961635,-5719.299569559284
WALLABY_J170915-613637,368547.21755836095,375319.6825105732,-6772.4649522122345
WALLABY_J171015-615505,284319.316464978,287723.52116471407,-3404.2046997360885
WALLABY_J171338-590621,429832.78330301045,438615.0414772028,-8782.258174192335
WALLABY_J171804-575135,4021686.2710238392,4042978.753637975,-21292.482614135835
WALLABY_J171829-602453,169915.90683598528,171889.0533242179,-1973.1464882326254
WALLABY_J172007-600928,146480.8093598608,149375.33861113302,-2894.529251272208
